{
    "cindex": {
        "composite": 2.4379700208996407,
        "radius": 13.905738186793728,
        "z_distance": 33.5,
        "plane_distance": 5.2038639677947485
    },
    "renal": {
        "composite": "5x",
        "R": 1,
        "E": 2,
        "N": 1,
        "A": "x",
        "L": 1,
        "R_cont": 27.811476373587457,
        "E_cont": 0.5973511875671977,
        "N_cont": 13.083594706327965,
        "A_cont": 5.0422282582651965,
        "L_cont": 0.0
    },
    "padua": {
        "composite": "8x",
        "a": 1,
        "b": 2,
        "c": 1,
        "d": 1,
        "e": 2,
        "f": 1,
        "a_cont": 0.0,
        "b_cont": 9.756078138135848,
        "c_cont": 13.112275994990298,
        "d_cont": 13.083594706327965,
        "e_cont": 0.5973511875671977,
        "f_cont": 27.811476373587457,
        "A_cont": 5.0422282582651965
    }
}